"Date","Price","Open","High","Low","Vol.","Change %"
"03/11/2023","4,358.34","4,334.23","4,373.62","4,334.23","","0.94%"
"02/11/2023","4,317.78","4,268.26","4,319.72","4,268.26","","1.89%"
"01/11/2023","4,237.86","4,201.27","4,245.64","4,197.74","","1.05%"
"31/10/2023","4,193.80","4,171.33","4,195.55","4,153.12","","0.65%"
"30/10/2023","4,166.82","4,139.39","4,177.47","4,132.94","","1.20%"
"27/10/2023","4,117.37","4,152.93","4,156.70","4,103.78","","-0.48%"
"26/10/2023","4,137.23","4,175.99","4,183.60","4,127.90","","-1.18%"
"25/10/2023","4,186.77","4,232.42","4,232.42","4,181.42","","-1.43%"
"24/10/2023","4,247.68","4,235.79","4,259.38","4,219.43","","0.73%"
"23/10/2023","4,217.04","4,210.40","4,255.84","4,189.22","","-0.17%"
"20/10/2023","4,224.16","4,273.85","4,276.56","4,223.03","","-1.26%"
"19/10/2023","4,278.00","4,321.36","4,339.54","4,269.69","","-0.85%"
"18/10/2023","4,314.60","4,357.35","4,364.20","4,303.84","","-1.34%"
"17/10/2023","4,373.20","4,345.23","4,393.57","4,337.54","","-0.01%"
"16/10/2023","4,373.63","4,342.37","4,383.33","4,342.37","","1.06%"
"13/10/2023","4,327.78","4,360.49","4,377.10","4,311.97","","-0.50%"
"12/10/2023","4,349.61","4,380.94","4,385.85","4,325.43","","-0.62%"
"11/10/2023","4,376.95","4,366.59","4,378.64","4,345.34","","0.43%"
"10/10/2023","4,358.24","4,339.75","4,385.46","4,339.64","","0.52%"
"09/10/2023","4,335.66","4,289.02","4,341.73","4,283.79","","0.63%"
"06/10/2023","4,308.50","4,234.79","4,324.10","4,219.55","","1.18%"
"05/10/2023","4,258.19","4,259.31","4,267.13","4,225.91","","-0.13%"
"04/10/2023","4,263.75","4,233.83","4,268.50","4,220.48","","0.81%"
"03/10/2023","4,229.45","4,269.75","4,281.15","4,216.45","","-1.37%"
"02/10/2023","4,288.39","4,284.52","4,300.58","4,260.21","","0.01%"
"29/09/2023","4,288.05","4,328.18","4,333.15","4,274.86","","-0.27%"
"28/09/2023","4,299.70","4,269.65","4,317.27","4,264.38","","0.59%"
"27/09/2023","4,274.51","4,282.63","4,292.07","4,238.63","","0.02%"
"26/09/2023","4,273.53","4,312.88","4,313.01","4,265.98","","-1.47%"
"25/09/2023","4,337.44","4,310.62","4,338.51","4,302.70","","0.40%"
"22/09/2023","4,320.06","4,341.74","4,357.40","4,316.49","","-0.23%"
"21/09/2023","4,330.00","4,374.36","4,375.70","4,329.17","","-1.64%"
"20/09/2023","4,402.20","4,452.81","4,461.03","4,401.38","","-0.94%"
"19/09/2023","4,443.95","4,445.41","4,449.85","4,416.61","","-0.22%"
"18/09/2023","4,453.53","4,445.13","4,466.36","4,442.11","","0.07%"
"15/09/2023","4,450.32","4,497.98","4,497.98","4,447.21","","-1.22%"
"14/09/2023","4,505.10","4,487.78","4,511.99","4,478.69","","0.84%"
"13/09/2023","4,467.44","4,462.65","4,479.39","4,453.52","","0.12%"
"12/09/2023","4,461.90","4,473.27","4,487.11","4,456.83","","-0.57%"
"11/09/2023","4,487.46","4,480.98","4,490.77","4,467.89","","0.67%"
"08/09/2023","4,457.49","4,451.30","4,473.53","4,448.38","","0.14%"
"07/09/2023","4,451.14","4,434.55","4,457.81","4,430.46","","-0.32%"
"06/09/2023","4,465.48","4,490.35","4,490.35","4,442.38","","-0.70%"
"05/09/2023","4,496.83","4,510.06","4,514.29","4,496.01","","-0.42%"
"01/09/2023","4,515.77","4,530.60","4,541.25","4,501.35","","0.18%"
"31/08/2023","4,507.66","4,517.01","4,532.26","4,507.39","","-0.16%"
"30/08/2023","4,514.87","4,500.34","4,521.65","4,493.59","","0.38%"
"29/08/2023","4,497.63","4,432.75","4,500.14","4,431.68","","1.45%"
"28/08/2023","4,433.31","4,426.03","4,439.56","4,414.98","","0.63%"
"25/08/2023","4,405.71","4,389.38","4,418.46","4,356.29","","0.67%"
"24/08/2023","4,376.31","4,455.16","4,458.30","4,375.55","","-1.35%"
"23/08/2023","4,436.01","4,396.44","4,443.18","4,396.44","","1.10%"
"22/08/2023","4,387.55","4,415.33","4,418.59","4,382.77","","-0.28%"
"21/08/2023","4,399.77","4,380.28","4,407.55","4,360.30","","0.69%"
"18/08/2023","4,369.71","4,344.88","4,381.82","4,335.31","","-0.01%"
"17/08/2023","4,370.36","4,416.32","4,421.17","4,364.83","","-0.77%"
"16/08/2023","4,404.33","4,433.79","4,449.95","4,403.55","","-0.76%"
"15/08/2023","4,437.86","4,478.87","4,478.87","4,432.19","","-1.16%"
"14/08/2023","4,489.72","4,458.13","4,490.33","4,453.44","","0.58%"
"11/08/2023","4,464.05","4,450.69","4,476.23","4,443.98","","-0.11%"
"10/08/2023","4,468.83","4,487.16","4,527.37","4,457.92","","0.03%"
"09/08/2023","4,467.71","4,501.57","4,502.44","4,461.33","","-0.70%"
"08/08/2023","4,499.38","4,498.03","4,503.31","4,464.39","","-0.42%"
"07/08/2023","4,518.44","4,491.58","4,519.84","4,491.15","","0.90%"
"04/08/2023","4,478.03","4,513.96","4,540.34","4,474.55","","-0.53%"
"03/08/2023","4,501.89","4,494.27","4,519.49","4,485.54","","-0.25%"
"02/08/2023","4,513.39","4,550.93","4,550.93","4,505.75","","-1.38%"
"01/08/2023","4,576.73","4,578.83","4,584.62","4,567.53","","-0.27%"
"31/07/2023","4,588.96","4,584.82","4,594.22","4,573.14","","0.15%"
"28/07/2023","4,582.23","4,565.75","4,590.16","4,564.01","","0.99%"
"27/07/2023","4,537.41","4,598.26","4,607.07","4,528.56","","-0.64%"
"26/07/2023","4,566.75","4,558.96","4,582.47","4,547.58","","-0.02%"
"25/07/2023","4,567.46","4,555.19","4,580.62","4,552.42","","0.28%"
"24/07/2023","4,554.64","4,543.39","4,563.41","4,541.29","","0.40%"
"21/07/2023","4,536.34","4,550.16","4,555.00","4,535.79","","0.03%"
"20/07/2023","4,534.87","4,554.38","4,564.74","4,527.56","","-0.68%"
"19/07/2023","4,565.72","4,563.87","4,578.43","4,557.48","","0.24%"
"18/07/2023","4,554.98","4,521.78","4,562.30","4,514.59","","0.71%"
"17/07/2023","4,522.79","4,508.86","4,532.85","4,504.90","","0.39%"
"14/07/2023","4,505.42","4,514.61","4,527.76","4,499.56","","-0.10%"
"13/07/2023","4,510.04","4,491.50","4,517.38","4,489.36","","0.85%"
"12/07/2023","4,472.16","4,467.69","4,488.34","4,463.23","","0.74%"
"11/07/2023","4,439.26","4,415.55","4,443.64","4,408.46","","0.67%"
"10/07/2023","4,409.53","4,394.23","4,412.60","4,389.92","","0.24%"
"07/07/2023","4,398.95","4,404.54","4,440.39","4,397.40","","-0.29%"
"06/07/2023","4,411.59","4,422.62","4,422.62","4,385.05","","-0.79%"
"05/07/2023","4,446.82","4,442.04","4,454.06","4,436.61","","-0.20%"
"03/07/2023","4,455.59","4,450.48","4,456.46","4,442.29","","0.12%"
"30/06/2023","4,450.38","4,422.44","4,458.48","4,422.44","","1.23%"
"29/06/2023","4,396.44","4,374.94","4,398.39","4,371.97","","0.45%"
"28/06/2023","4,376.86","4,367.48","4,390.35","4,360.22","","-0.04%"
"27/06/2023","4,378.41","4,337.36","4,384.42","4,335.00","","1.15%"
"26/06/2023","4,328.82","4,344.84","4,362.06","4,328.08","","-0.45%"
"23/06/2023","4,348.33","4,354.17","4,366.55","4,341.34","","-0.77%"
"22/06/2023","4,381.89","4,355.40","4,382.25","4,351.82","","0.37%"
"21/06/2023","4,365.69","4,380.01","4,386.22","4,360.14","","-0.52%"
"20/06/2023","4,388.71","4,396.11","4,400.15","4,367.19","","-0.47%"
"16/06/2023","4,409.59","4,440.95","4,448.47","4,407.44","","-0.37%"
"15/06/2023","4,425.84","4,365.33","4,439.20","4,362.60","","1.22%"
"14/06/2023","4,372.59","4,366.29","4,391.82","4,337.85","","0.08%"
"13/06/2023","4,369.01","4,352.61","4,375.37","4,349.31","","0.69%"
"12/06/2023","4,338.93","4,308.32","4,340.13","4,304.37","","0.93%"
"09/06/2023","4,298.86","4,304.88","4,322.62","4,291.70","","0.11%"
"08/06/2023","4,293.93","4,268.69","4,298.01","4,261.07","","0.62%"
"07/06/2023","4,267.52","4,285.47","4,299.19","4,263.96","","-0.38%"
"06/06/2023","4,283.85","4,271.34","4,288.33","4,263.09","","0.24%"
"05/06/2023","4,273.79","4,282.99","4,299.28","4,266.82","","-0.20%"
"02/06/2023","4,282.37","4,241.01","4,290.67","4,241.01","","1.45%"
"01/06/2023","4,221.02","4,183.03","4,232.43","4,171.64","","0.99%"
"31/05/2023","4,179.83","4,190.74","4,195.44","4,166.15","","-0.61%"
"30/05/2023","4,205.52","4,226.71","4,231.10","4,192.18","","0.00%"
"26/05/2023","4,205.45","4,156.16","4,212.87","4,156.16","","1.30%"
"25/05/2023","4,151.28","4,155.71","4,165.74","4,129.73","","0.88%"
"24/05/2023","4,115.24","4,132.96","4,132.96","4,103.98","","-0.73%"
"23/05/2023","4,145.58","4,176.80","4,185.68","4,142.54","","-1.12%"
"22/05/2023","4,192.63","4,190.78","4,209.22","4,179.68","","0.02%"
"19/05/2023","4,191.98","4,204.15","4,212.91","4,180.20","","-0.14%"
"18/05/2023","4,198.05","4,157.68","4,202.20","4,153.50","","0.94%"
"17/05/2023","4,158.77","4,122.85","4,164.67","4,113.62","","1.19%"
"16/05/2023","4,109.90","4,127.95","4,135.54","4,109.86","","-0.64%"
"15/05/2023","4,136.28","4,126.65","4,141.25","4,110.27","","0.30%"
"12/05/2023","4,124.08","4,138.54","4,143.74","4,099.12","","-0.16%"
"11/05/2023","4,130.62","4,132.24","4,132.80","4,109.29","","-0.17%"
"10/05/2023","4,137.64","4,143.74","4,154.28","4,098.92","","0.45%"
"09/05/2023","4,119.17","4,124.25","4,130.35","4,116.65","","-0.46%"
"08/05/2023","4,138.12","4,136.98","4,142.30","4,123.81","","0.05%"
"05/05/2023","4,136.25","4,084.73","4,147.02","4,084.73","","1.85%"
"04/05/2023","4,061.22","4,082.55","4,082.61","4,048.28","","-0.72%"
"03/05/2023","4,090.75","4,122.25","4,148.30","4,088.86","","-0.70%"
"02/05/2023","4,119.58","4,164.10","4,164.10","4,089.72","","-1.16%"
"01/05/2023","4,167.87","4,166.79","4,186.92","4,164.12","","-0.04%"
"28/04/2023","4,169.48","4,129.63","4,170.06","4,127.18","","0.83%"
"27/04/2023","4,135.35","4,075.29","4,138.24","4,075.29","","1.96%"
"26/04/2023","4,055.99","4,087.78","4,089.67","4,049.35","","-0.38%"
"25/04/2023","4,071.63","4,126.43","4,126.43","4,071.38","","-1.58%"
"24/04/2023","4,137.04","4,132.07","4,142.41","4,117.77","","0.09%"
"21/04/2023","4,133.52","4,132.14","4,138.02","4,113.86","","0.09%"
"20/04/2023","4,129.79","4,130.48","4,148.57","4,114.57","","-0.60%"
"19/04/2023","4,154.52","4,139.33","4,162.57","4,134.49","","-0.01%"
"18/04/2023","4,154.87","4,164.26","4,169.48","4,140.36","","0.09%"
"17/04/2023","4,151.32","4,137.17","4,151.72","4,123.18","","0.33%"
"14/04/2023","4,137.64","4,140.11","4,163.19","4,113.20","","-0.21%"
"13/04/2023","4,146.22","4,100.04","4,150.26","4,099.40","","1.33%"
"12/04/2023","4,091.95","4,121.72","4,134.37","4,086.94","","-0.41%"
"11/04/2023","4,108.94","4,110.29","4,124.26","4,102.61","","0.00%"
"10/04/2023","4,109.11","4,085.20","4,109.50","4,072.55","","0.10%"
"06/04/2023","4,105.02","4,081.15","4,107.32","4,069.84","","0.36%"
"05/04/2023","4,090.38","4,094.50","4,099.69","4,072.56","","-0.25%"
"04/04/2023","4,100.60","4,128.03","4,133.13","4,086.87","","-0.58%"
"03/04/2023","4,124.51","4,102.20","4,127.66","4,098.79","","0.37%"
"31/03/2023","4,109.31","4,056.18","4,110.75","4,056.18","","1.44%"
"30/03/2023","4,050.83","4,046.74","4,057.85","4,032.10","","0.57%"
"29/03/2023","4,027.81","3,999.53","4,030.59","3,999.53","","1.42%"
"28/03/2023","3,971.27","3,974.13","3,979.20","3,951.53","","-0.16%"
"27/03/2023","3,977.53","3,982.93","4,003.83","3,970.49","","0.16%"
"24/03/2023","3,970.99","3,939.21","3,972.74","3,909.16","","0.56%"
"23/03/2023","3,948.72","3,959.21","4,007.66","3,919.05","","0.30%"
"22/03/2023","3,936.97","4,002.04","4,039.49","3,936.17","","-1.65%"
"21/03/2023","4,002.87","3,975.89","4,009.08","3,971.19","","1.30%"
"20/03/2023","3,951.57","3,917.47","3,956.62","3,916.89","","0.89%"
"17/03/2023","3,916.64","3,958.69","3,958.91","3,901.27","","-1.10%"
"16/03/2023","3,960.28","3,878.93","3,964.46","3,864.11","","1.76%"
"15/03/2023","3,891.93","3,876.74","3,894.26","3,838.24","","-0.73%"
"14/03/2023","3,920.56","3,894.01","3,937.29","3,873.63","","1.68%"
"13/03/2023","3,855.76","3,835.12","3,905.05","3,808.86","","-0.15%"
"10/03/2023","3,861.59","3,912.77","3,934.05","3,846.32","","-1.45%"
"09/03/2023","3,918.32","3,998.66","4,017.81","3,908.70","","-1.85%"
"08/03/2023","3,992.01","3,987.55","4,000.41","3,969.76","","0.14%"
"07/03/2023","3,986.37","4,048.26","4,050.00","3,980.31","","-1.53%"
"06/03/2023","4,048.42","4,055.15","4,078.49","4,044.61","","0.07%"
"03/03/2023","4,045.64","3,998.02","4,048.29","3,995.17","","1.61%"
"02/03/2023","3,981.35","3,938.68","3,990.84","3,928.16","","0.76%"
"01/03/2023","3,951.39","3,963.34","3,971.73","3,939.05","","-0.47%"
"28/02/2023","3,970.15","3,977.19","3,997.50","3,968.98","","-0.30%"
"27/02/2023","3,982.24","3,992.36","4,018.05","3,973.55","","0.31%"
"24/02/2023","3,970.04","3,973.24","3,978.25","3,943.08","","-1.05%"
"23/02/2023","4,012.32","4,018.60","4,028.30","3,969.19","","0.53%"
"22/02/2023","3,991.05","4,001.83","4,017.37","3,976.90","","-0.16%"
"21/02/2023","3,997.34","4,052.35","4,052.35","3,995.19","","-2.00%"
"17/02/2023","4,079.09","4,077.39","4,081.51","4,047.95","","-0.28%"
"16/02/2023","4,090.41","4,114.75","4,136.54","4,089.49","","-1.38%"
"15/02/2023","4,147.60","4,119.50","4,148.11","4,103.98","","0.28%"
"14/02/2023","4,136.13","4,126.70","4,159.77","4,095.01","","-0.03%"
"13/02/2023","4,137.29","4,096.62","4,138.90","4,092.67","","1.14%"
"10/02/2023","4,090.46","4,068.92","4,094.36","4,060.79","","0.22%"
"09/02/2023","4,081.50","4,144.25","4,156.23","4,069.67","","-0.88%"
"08/02/2023","4,117.86","4,153.47","4,156.85","4,111.67","","-1.11%"
"07/02/2023","4,164.00","4,105.35","4,176.54","4,088.39","","1.29%"
"06/02/2023","4,111.08","4,119.57","4,124.63","4,093.38","","-0.61%"
"03/02/2023","4,136.48","4,136.69","4,182.36","4,123.36","","-1.04%"
"02/02/2023","4,179.76","4,158.68","4,195.44","4,141.88","","1.47%"
"01/02/2023","4,119.21","4,070.07","4,148.95","4,037.20","","1.05%"
"31/01/2023","4,076.60","4,020.85","4,077.16","4,020.44","","1.46%"
"30/01/2023","4,017.77","4,049.27","4,063.85","4,015.55","","-1.30%"
"27/01/2023","4,070.56","4,053.72","4,094.21","4,048.70","","0.25%"
"26/01/2023","4,060.43","4,036.08","4,061.57","4,013.29","","1.10%"
"25/01/2023","4,016.22","3,982.71","4,019.55","3,949.06","","-0.02%"
"24/01/2023","4,016.95","4,001.74","4,023.92","3,989.79","","-0.07%"
"23/01/2023","4,019.81","3,978.14","4,039.31","3,971.64","","1.19%"
"20/01/2023","3,972.61","3,909.04","3,972.96","3,897.86","","1.89%"
"19/01/2023","3,898.85","3,911.84","3,922.94","3,885.54","","-0.76%"
"18/01/2023","3,928.86","4,002.25","4,014.16","3,926.59","","-1.56%"
"17/01/2023","3,990.97","3,999.28","4,015.39","3,984.57","","-0.20%"
"13/01/2023","3,999.09","3,960.60","4,003.95","3,947.67","","0.40%"
"12/01/2023","3,983.17","3,977.57","3,997.76","3,937.56","","0.34%"
"11/01/2023","3,969.61","3,932.35","3,970.07","3,928.54","","1.28%"
"10/01/2023","3,919.25","3,888.57","3,919.83","3,877.29","","0.70%"
"09/01/2023","3,892.09","3,910.82","3,950.57","3,890.42","","-0.08%"
"06/01/2023","3,895.08","3,823.37","3,906.19","3,809.56","","2.28%"
"05/01/2023","3,808.10","3,839.74","3,839.74","3,802.42","","-1.16%"
"04/01/2023","3,852.97","3,840.36","3,873.16","3,815.77","","0.75%"
"03/01/2023","3,824.14","3,853.29","3,878.46","3,794.33","","-0.40%"
"30/12/2022","3,839.50","3,829.06","3,839.85","3,800.34","","-0.25%"
"29/12/2022","3,849.28","3,805.45","3,858.19","3,805.45","","1.75%"
"28/12/2022","3,783.22","3,829.56","3,848.32","3,780.78","","-1.20%"
"27/12/2022","3,829.25","3,843.34","3,846.65","3,813.22","","-0.40%"
"23/12/2022","3,844.82","3,815.11","3,845.80","3,797.01","","0.59%"
"22/12/2022","3,822.39","3,853.26","3,853.26","3,764.49","","-1.45%"
"21/12/2022","3,878.44","3,839.49","3,889.82","3,839.49","","1.49%"
"20/12/2022","3,821.62","3,810.47","3,838.24","3,795.62","","0.10%"
"19/12/2022","3,817.66","3,853.79","3,854.86","3,800.04","","-0.90%"
"16/12/2022","3,852.36","3,890.91","3,890.91","3,827.91","","-1.11%"
"15/12/2022","3,895.75","3,958.37","3,958.37","3,879.45","","-2.49%"
"14/12/2022","3,995.32","4,015.54","4,053.76","3,965.65","","-0.61%"
"13/12/2022","4,019.65","4,069.38","4,100.96","3,993.03","","0.73%"
"12/12/2022","3,990.56","3,939.29","3,990.71","3,935.30","","1.43%"
"09/12/2022","3,934.38","3,954.17","3,977.02","3,933.04","","-0.73%"
"08/12/2022","3,963.51","3,947.79","3,974.19","3,935.83","","0.75%"
"07/12/2022","3,933.92","3,933.28","3,957.57","3,922.68","","-0.19%"
"06/12/2022","3,941.26","3,996.63","4,001.51","3,918.39","","-1.44%"
"05/12/2022","3,998.84","4,052.02","4,052.45","3,984.49","","-1.79%"
"02/12/2022","4,071.70","4,040.17","4,080.48","4,026.63","","-0.12%"
"01/12/2022","4,076.57","4,087.14","4,100.51","4,050.87","","-0.09%"
"30/11/2022","4,080.11","3,957.18","4,080.11","3,938.58","","3.09%"
"29/11/2022","3,957.63","3,964.19","3,976.77","3,937.65","","-0.16%"
"28/11/2022","3,963.94","4,005.36","4,012.27","3,955.77","","-1.54%"
"25/11/2022","4,026.12","4,023.34","4,034.02","4,020.76","","-0.03%"
"23/11/2022","4,027.26","4,000.30","4,033.78","3,998.66","","0.59%"
"22/11/2022","4,003.58","3,965.51","4,005.88","3,956.88","","1.36%"
"21/11/2022","3,949.94","3,956.23","3,962.00","3,933.34","","-0.39%"
"18/11/2022","3,965.34","3,966.39","3,979.89","3,935.98","","0.48%"
"17/11/2022","3,946.56","3,919.26","3,954.33","3,906.54","","-0.31%"
"16/11/2022","3,958.79","3,976.82","3,983.09","3,954.34","","-0.83%"
"15/11/2022","3,991.73","4,006.41","4,028.84","3,953.17","","0.87%"
"14/11/2022","3,957.25","3,977.97","4,008.97","3,956.40","","-0.89%"
"11/11/2022","3,992.93","3,963.72","4,001.48","3,944.82","","0.92%"
"10/11/2022","3,956.37","3,859.89","3,958.33","3,859.89","","5.54%"
"09/11/2022","3,748.57","3,810.94","3,818.20","3,744.22","","-2.08%"
"08/11/2022","3,828.11","3,817.02","3,859.40","3,786.28","","0.56%"
"07/11/2022","3,806.80","3,780.71","3,813.95","3,764.70","","0.96%"
"04/11/2022","3,770.55","3,766.98","3,796.34","3,708.84","","1.36%"
"03/11/2022","3,719.89","3,733.25","3,750.59","3,698.15","","-1.06%"
"02/11/2022","3,759.69","3,852.90","3,894.44","3,758.68","","-2.50%"
"01/11/2022","3,856.10","3,901.79","3,911.79","3,843.80","","-0.41%"
"31/10/2022","3,871.98","3,881.85","3,893.73","3,863.18","","-0.75%"
"28/10/2022","3,901.06","3,808.26","3,905.42","3,808.26","","2.46%"
"27/10/2022","3,807.30","3,834.69","3,859.95","3,803.79","","-0.61%"
"26/10/2022","3,830.60","3,825.97","3,886.15","3,824.07","","-0.74%"
"25/10/2022","3,859.11","3,799.44","3,862.85","3,799.44","","1.63%"
"24/10/2022","3,797.34","3,762.01","3,810.74","3,741.65","","1.19%"
"21/10/2022","3,752.75","3,657.10","3,757.89","3,647.42","","2.37%"
"20/10/2022","3,665.78","3,689.05","3,736.00","3,656.44","","-0.80%"
"19/10/2022","3,695.16","3,703.11","3,728.58","3,666.51","","-0.67%"
"18/10/2022","3,719.98","3,746.26","3,762.79","3,686.53","","1.14%"
"17/10/2022","3,677.95","3,638.65","3,689.73","3,638.65","","2.65%"
"14/10/2022","3,583.07","3,690.41","3,712.00","3,579.68","","-2.37%"
"13/10/2022","3,669.91","3,520.37","3,685.41","3,491.58","","2.60%"
"12/10/2022","3,577.03","3,590.83","3,608.34","3,573.86","","-0.33%"
"11/10/2022","3,588.84","3,595.86","3,640.66","3,568.45","","-0.65%"
"10/10/2022","3,612.39","3,647.51","3,652.17","3,588.10","","-0.75%"
"07/10/2022","3,639.66","3,706.74","3,706.74","3,620.73","","-2.80%"
"06/10/2022","3,744.52","3,771.97","3,797.93","3,739.22","","-1.02%"
"05/10/2022","3,783.28","3,753.25","3,806.91","3,722.66","","-0.20%"
"04/10/2022","3,790.93","3,726.46","3,791.92","3,726.46","","3.06%"
"03/10/2022","3,678.43","3,609.78","3,698.35","3,604.93","","2.59%"
"30/09/2022","3,585.62","3,633.48","3,671.44","3,584.13","","-1.51%"
"29/09/2022","3,640.47","3,687.01","3,687.01","3,610.40","","-2.11%"
"28/09/2022","3,719.04","3,651.94","3,736.74","3,640.61","","1.97%"
"27/09/2022","3,647.29","3,686.44","3,717.53","3,623.29","","-0.21%"
"26/09/2022","3,655.04","3,682.72","3,715.67","3,644.76","","-1.03%"
"23/09/2022","3,693.23","3,727.14","3,727.14","3,647.47","","-1.72%"
"22/09/2022","3,757.99","3,782.36","3,790.90","3,749.45","","-0.84%"
"21/09/2022","3,789.93","3,871.40","3,907.07","3,789.49","","-1.71%"
"20/09/2022","3,855.93","3,875.23","3,876.01","3,827.54","","-1.13%"
"19/09/2022","3,899.89","3,849.91","3,900.45","3,838.50","","0.69%"
"16/09/2022","3,873.33","3,880.95","3,880.95","3,837.08","","-0.72%"
"15/09/2022","3,901.35","3,932.41","3,959.14","3,888.28","","-1.13%"
"14/09/2022","3,946.01","3,940.73","3,961.94","3,912.18","","0.34%"
"13/09/2022","3,932.69","4,037.12","4,037.12","3,921.28","","-4.32%"
"12/09/2022","4,110.41","4,083.67","4,119.28","4,083.67","","1.06%"
"09/09/2022","4,067.36","4,022.94","4,076.81","4,022.94","","1.53%"
"08/09/2022","4,006.18","3,959.94","4,010.50","3,944.81","","0.66%"
"07/09/2022","3,979.87","3,909.43","3,987.89","3,906.03","","1.83%"
"06/09/2022","3,908.19","3,930.89","3,942.55","3,886.75","","-0.41%"
"02/09/2022","3,924.26","3,994.66","4,018.43","3,906.21","","-1.07%"
"01/09/2022","3,966.85","3,936.73","3,970.23","3,903.65","","0.30%"
"31/08/2022","3,955.00","4,000.67","4,015.37","3,954.53","","-0.78%"
"30/08/2022","3,986.16","4,041.25","4,044.98","3,965.21","","-1.10%"
"29/08/2022","4,030.61","4,034.58","4,062.99","4,017.42","","-0.67%"
"26/08/2022","4,057.66","4,198.74","4,203.04","4,057.66","","-3.37%"
"25/08/2022","4,199.12","4,153.26","4,200.54","4,147.59","","1.41%"
"24/08/2022","4,140.77","4,126.55","4,156.56","4,119.97","","0.29%"
"23/08/2022","4,128.73","4,133.09","4,159.77","4,124.03","","-0.22%"
"22/08/2022","4,137.99","4,195.08","4,195.08","4,129.86","","-2.14%"
"19/08/2022","4,228.48","4,266.31","4,266.31","4,218.70","","-1.29%"
"18/08/2022","4,283.74","4,273.13","4,292.53","4,261.98","","0.23%"
"17/08/2022","4,274.04","4,280.40","4,302.18","4,253.08","","-0.72%"
"16/08/2022","4,305.20","4,290.46","4,325.28","4,277.77","","0.19%"
"15/08/2022","4,297.14","4,269.37","4,301.79","4,256.90","","0.40%"
"12/08/2022","4,280.15","4,225.02","4,280.47","4,219.78","","1.73%"
"11/08/2022","4,207.27","4,227.40","4,257.91","4,201.41","","-0.07%"
"10/08/2022","4,210.24","4,181.02","4,211.03","4,177.26","","2.13%"
"09/08/2022","4,122.47","4,133.11","4,137.30","4,112.09","","-0.42%"
"08/08/2022","4,140.06","4,155.93","4,186.62","4,128.97","","-0.12%"
"05/08/2022","4,145.19","4,115.87","4,151.58","4,107.31","","-0.16%"
"04/08/2022","4,151.94","4,154.85","4,161.29","4,135.42","","-0.08%"
"03/08/2022","4,155.17","4,107.96","4,167.66","4,107.96","","1.56%"
"02/08/2022","4,091.19","4,104.21","4,140.47","4,079.81","","-0.67%"
"01/08/2022","4,118.63","4,112.38","4,144.95","4,096.02","","-0.28%"
"29/07/2022","4,130.29","4,087.33","4,140.15","4,079.22","","1.42%"
"28/07/2022","4,072.43","4,026.13","4,078.95","3,992.97","","1.21%"
"27/07/2022","4,023.61","3,951.43","4,039.56","3,951.43","","2.62%"
"26/07/2022","3,921.05","3,953.22","3,953.22","3,910.74","","-1.15%"
"25/07/2022","3,966.84","3,965.72","3,975.30","3,943.46","","0.13%"
"22/07/2022","3,961.63","3,998.43","4,012.44","3,938.86","","-0.93%"
"21/07/2022","3,998.95","3,955.47","3,999.29","3,927.64","","0.99%"
"20/07/2022","3,959.90","3,935.32","3,974.13","3,922.03","","0.59%"
"19/07/2022","3,936.69","3,860.73","3,939.81","3,860.73","","2.76%"
"18/07/2022","3,830.85","3,883.79","3,902.44","3,818.63","","-0.84%"
"15/07/2022","3,863.16","3,818.00","3,863.62","3,817.18","","1.92%"
"14/07/2022","3,790.38","3,763.99","3,796.41","3,721.56","","-0.30%"
"13/07/2022","3,801.78","3,779.67","3,829.44","3,759.07","","-0.45%"
"12/07/2022","3,818.80","3,851.95","3,873.41","3,802.36","","-0.92%"
"11/07/2022","3,854.43","3,880.94","3,880.94","3,847.22","","-1.15%"
"08/07/2022","3,899.38","3,888.26","3,918.50","3,869.34","","-0.08%"
"07/07/2022","3,902.62","3,858.85","3,910.63","3,858.85","","1.50%"
"06/07/2022","3,845.08","3,831.98","3,870.91","3,809.37","","0.36%"
"05/07/2022","3,831.39","3,792.61","3,832.19","3,742.06","","0.16%"
"01/07/2022","3,825.33","3,781.00","3,829.82","3,752.10","","1.06%"
"30/06/2022","3,785.38","3,785.99","3,818.99","3,738.67","","-0.88%"
"29/06/2022","3,818.83","3,825.09","3,836.50","3,799.02","","-0.07%"
"28/06/2022","3,821.55","3,913.00","3,945.86","3,820.14","","-2.01%"
"27/06/2022","3,900.11","3,920.76","3,927.72","3,889.66","","-0.30%"
"24/06/2022","3,911.74","3,821.75","3,913.65","3,821.75","","3.06%"
"23/06/2022","3,795.73","3,774.71","3,802.58","3,743.52","","0.95%"
"22/06/2022","3,759.89","3,733.89","3,801.79","3,717.69","","-0.13%"
"21/06/2022","3,764.79","3,715.31","3,779.65","3,715.31","","2.45%"
"17/06/2022","3,674.84","3,665.90","3,707.71","3,636.87","","0.22%"
"16/06/2022","3,666.77","3,728.18","3,728.18","3,639.77","","-3.25%"
"15/06/2022","3,789.99","3,764.05","3,837.56","3,722.30","","1.46%"
"14/06/2022","3,735.48","3,763.52","3,778.18","3,705.68","","-0.38%"
"13/06/2022","3,749.63","3,838.15","3,838.15","3,734.30","","-3.88%"
"10/06/2022","3,900.86","3,974.39","3,974.39","3,900.16","","-2.91%"
"09/06/2022","4,017.82","4,101.65","4,119.10","4,017.17","","-2.38%"
"08/06/2022","4,115.77","4,147.12","4,160.14","4,107.20","","-1.08%"
"07/06/2022","4,160.68","4,096.47","4,164.86","4,080.19","","0.95%"
"06/06/2022","4,121.43","4,134.72","4,168.78","4,109.18","","0.31%"
"03/06/2022","4,108.54","4,137.57","4,142.67","4,098.67","","-1.63%"
"02/06/2022","4,176.82","4,095.41","4,177.51","4,074.37","","1.84%"
"01/06/2022","4,101.23","4,149.78","4,166.54","4,073.85","","-0.75%"
"31/05/2022","4,132.15","4,151.09","4,168.34","4,104.88","","-0.63%"
"27/05/2022","4,158.24","4,077.43","4,158.49","4,077.43","","2.47%"
"26/05/2022","4,057.84","3,984.60","4,075.14","3,984.60","","1.99%"
"25/05/2022","3,978.73","3,929.59","3,999.33","3,925.03","","0.95%"
"24/05/2022","3,941.48","3,942.94","3,955.68","3,875.13","","-0.81%"
"23/05/2022","3,973.75","3,919.42","3,981.88","3,909.04","","1.86%"
"20/05/2022","3,901.36","3,927.76","3,943.42","3,810.32","","0.01%"
"19/05/2022","3,900.79","3,899.00","3,945.96","3,876.58","","-0.58%"
"18/05/2022","3,923.68","4,051.98","4,051.98","3,911.91","","-4.04%"
"17/05/2022","4,088.85","4,052.00","4,090.72","4,033.93","","2.02%"
"16/05/2022","4,008.01","4,013.02","4,046.46","3,983.99","","-0.39%"
"13/05/2022","4,023.89","3,963.90","4,038.88","3,963.90","","2.39%"
"12/05/2022","3,930.08","3,903.95","3,964.80","3,858.87","","-0.13%"
"11/05/2022","3,935.18","3,990.08","4,049.09","3,928.82","","-1.65%"
"10/05/2022","4,001.05","4,035.18","4,068.82","3,958.17","","0.25%"
"09/05/2022","3,991.24","4,081.27","4,081.27","3,975.48","","-3.20%"
"06/05/2022","4,123.34","4,128.17","4,157.69","4,067.91","","-0.70%"
"05/05/2022","4,152.38","4,255.50","4,256.39","4,105.51","","-3.44%"
"04/05/2022","4,300.17","4,181.18","4,307.66","4,148.91","","2.99%"
"03/05/2022","4,175.48","4,159.78","4,200.10","4,147.08","","0.48%"
"02/05/2022","4,155.38","4,130.61","4,169.81","4,062.51","","0.57%"
"29/04/2022","4,131.93","4,253.75","4,269.68","4,124.28","","-3.63%"
"28/04/2022","4,287.50","4,222.58","4,308.45","4,188.63","","2.47%"
"27/04/2022","4,183.96","4,186.52","4,240.71","4,162.90","","0.21%"
"26/04/2022","4,175.20","4,278.14","4,278.14","4,175.04","","-2.81%"
"25/04/2022","4,296.12","4,255.34","4,299.02","4,200.82","","0.57%"
"22/04/2022","4,271.78","4,385.83","4,385.83","4,267.62","","-2.77%"
"21/04/2022","4,393.66","4,489.17","4,512.94","4,384.47","","-1.48%"
"20/04/2022","4,459.45","4,472.26","4,488.29","4,448.76","","-0.06%"
"19/04/2022","4,462.21","4,390.63","4,471.03","4,390.63","","1.61%"
"18/04/2022","4,391.69","4,385.63","4,410.31","4,370.30","","-0.02%"
"14/04/2022","4,392.59","4,449.12","4,460.46","4,390.77","","-1.21%"
"13/04/2022","4,446.59","4,394.30","4,453.92","4,392.70","","1.12%"
"12/04/2022","4,397.45","4,437.59","4,471.00","4,381.34","","-0.34%"
"11/04/2022","4,412.53","4,462.64","4,464.35","4,408.38","","-1.69%"
"08/04/2022","4,488.28","4,494.15","4,520.41","4,474.60","","-0.27%"
"07/04/2022","4,500.21","4,474.65","4,521.16","4,450.30","","0.43%"
"06/04/2022","4,481.15","4,494.17","4,503.94","4,450.04","","-0.97%"
"05/04/2022","4,525.12","4,572.45","4,593.45","4,514.17","","-1.26%"
"04/04/2022","4,582.64","4,547.97","4,583.50","4,539.21","","0.81%"
"01/04/2022","4,545.86","4,540.32","4,548.70","4,507.57","","0.34%"
"31/03/2022","4,530.41","4,599.02","4,603.07","4,530.41","","-1.57%"
"30/03/2022","4,602.45","4,624.20","4,627.77","4,581.32","","-0.63%"
"29/03/2022","4,631.60","4,602.86","4,637.30","4,589.66","","1.23%"
"28/03/2022","4,575.52","4,541.09","4,575.65","4,517.69","","0.71%"
"25/03/2022","4,543.04","4,522.91","4,546.03","4,501.07","","0.51%"
"24/03/2022","4,520.16","4,469.98","4,520.58","4,465.17","","1.43%"
"23/03/2022","4,456.23","4,493.10","4,501.07","4,455.81","","-1.23%"
"22/03/2022","4,511.61","4,469.10","4,522.00","4,469.10","","1.13%"
"21/03/2022","4,461.18","4,462.40","4,481.75","4,424.30","","-0.04%"
"18/03/2022","4,463.09","4,407.34","4,465.40","4,390.57","","1.17%"
"17/03/2022","4,411.67","4,345.11","4,412.67","4,335.65","","1.23%"
"16/03/2022","4,357.95","4,288.14","4,358.90","4,251.99","","2.24%"
"15/03/2022","4,262.45","4,188.82","4,271.05","4,187.90","","2.14%"
"14/03/2022","4,173.11","4,202.75","4,247.57","4,161.72","","-0.74%"
"11/03/2022","4,204.31","4,279.50","4,291.01","4,200.49","","-1.30%"
"10/03/2022","4,259.52","4,252.55","4,268.28","4,209.80","","-0.43%"
"09/03/2022","4,277.88","4,223.10","4,299.40","4,223.10","","2.57%"
"08/03/2022","4,170.62","4,202.66","4,276.94","4,157.87","","-0.73%"
"07/03/2022","4,201.09","4,327.01","4,327.01","4,199.85","","-2.95%"
"04/03/2022","4,328.87","4,342.12","4,342.12","4,284.98","","-0.79%"
"03/03/2022","4,363.49","4,401.31","4,416.78","4,350.37","","-0.53%"
"02/03/2022","4,386.54","4,322.56","4,401.48","4,322.56","","1.86%"
"01/03/2022","4,306.26","4,363.14","4,378.45","4,279.54","","-1.54%"
"28/02/2022","4,373.79","4,354.17","4,388.84","4,315.12","","-0.25%"
"25/02/2022","4,384.62","4,298.38","4,385.34","4,286.83","","2.24%"
"24/02/2022","4,288.70","4,155.77","4,294.73","4,114.65","","1.50%"
"23/02/2022","4,225.50","4,324.93","4,341.51","4,221.51","","-1.84%"
"22/02/2022","4,304.74","4,332.74","4,362.12","4,267.11","","-1.01%"
"18/02/2022","4,348.87","4,384.57","4,394.60","4,327.22","","-0.72%"
"17/02/2022","4,380.26","4,456.06","4,456.06","4,373.81","","-2.12%"
"16/02/2022","4,475.01","4,455.75","4,489.55","4,429.68","","0.09%"
"15/02/2022","4,471.07","4,429.28","4,472.77","4,429.28","","1.58%"
"14/02/2022","4,401.67","4,412.61","4,426.22","4,364.84","","-0.38%"
"11/02/2022","4,418.64","4,506.27","4,526.33","4,401.41","","-1.90%"
"10/02/2022","4,504.06","4,553.24","4,588.92","4,484.31","","-1.81%"
"09/02/2022","4,587.18","4,547.00","4,590.03","4,547.00","","1.45%"
"08/02/2022","4,521.54","4,480.02","4,531.32","4,465.40","","0.84%"
"07/02/2022","4,483.87","4,505.75","4,521.86","4,471.47","","-0.37%"
"04/02/2022","4,500.54","4,482.79","4,539.66","4,451.50","","0.52%"
"03/02/2022","4,477.44","4,535.41","4,542.88","4,470.39","","-2.44%"
"02/02/2022","4,589.32","4,566.39","4,595.31","4,544.32","","0.94%"
"01/02/2022","4,546.54","4,519.57","4,550.49","4,483.53","","0.69%"
"31/01/2022","4,515.55","4,431.79","4,516.89","4,414.02","","1.89%"
"28/01/2022","4,431.85","4,336.19","4,432.72","4,292.46","","2.43%"
"27/01/2022","4,326.50","4,380.58","4,428.74","4,309.50","","-0.54%"
"26/01/2022","4,349.93","4,408.43","4,453.23","4,304.80","","-0.15%"
"25/01/2022","4,356.45","4,366.64","4,411.01","4,287.11","","-1.22%"
"24/01/2022","4,410.13","4,356.32","4,417.35","4,222.62","","0.28%"
"21/01/2022","4,397.93","4,471.38","4,494.52","4,395.34","","-1.89%"
"20/01/2022","4,482.73","4,547.35","4,602.11","4,477.95","","-1.10%"
"19/01/2022","4,532.76","4,588.03","4,611.55","4,530.20","","-0.97%"
"18/01/2022","4,577.34","4,632.24","4,632.24","4,568.70","","-1.83%"
"14/01/2022","4,662.85","4,637.99","4,665.13","4,614.75","","0.08%"
"13/01/2022","4,659.02","4,733.56","4,744.13","4,650.29","","-1.42%"
"12/01/2022","4,726.35","4,728.59","4,748.83","4,706.71","","0.28%"
"11/01/2022","4,713.07","4,669.14","4,714.13","4,638.27","","0.92%"
"10/01/2022","4,670.29","4,655.34","4,673.02","4,582.24","","-0.14%"
"07/01/2022","4,677.02","4,697.66","4,707.95","4,662.74","","-0.41%"
"06/01/2022","4,696.05","4,693.39","4,725.01","4,671.26","","-0.10%"
"05/01/2022","4,700.58","4,787.99","4,797.70","4,699.44","","-1.94%"
"04/01/2022","4,793.54","4,804.51","4,818.62","4,774.27","","-0.06%"
"03/01/2022","4,796.56","4,778.14","4,796.64","4,758.17","","0.64%"
"31/12/2021","4,766.18","4,775.21","4,786.83","4,765.75","","-0.26%"
"30/12/2021","4,778.73","4,794.23","4,808.93","4,775.33","","-0.30%"
"29/12/2021","4,793.06","4,788.64","4,804.06","4,778.08","","0.14%"
"28/12/2021","4,786.36","4,795.49","4,807.02","4,780.04","","-0.10%"
"27/12/2021","4,791.19","4,733.99","4,791.49","4,733.99","","1.38%"
"23/12/2021","4,725.78","4,703.96","4,740.74","4,703.96","","0.62%"
"22/12/2021","4,696.56","4,650.36","4,697.67","4,645.53","","1.02%"
"21/12/2021","4,649.23","4,594.96","4,651.14","4,583.16","","1.78%"
"20/12/2021","4,568.02","4,587.90","4,587.90","4,531.10","","-1.14%"
"17/12/2021","4,620.64","4,652.50","4,666.70","4,600.22","","-1.03%"
"16/12/2021","4,668.67","4,719.13","4,731.99","4,651.89","","-0.87%"
"15/12/2021","4,709.84","4,636.46","4,712.60","4,611.22","","1.63%"
"14/12/2021","4,634.09","4,642.99","4,660.47","4,606.52","","-0.75%"
"13/12/2021","4,669.15","4,710.30","4,710.30","4,667.60","","-0.91%"
"10/12/2021","4,712.02","4,687.64","4,713.57","4,670.24","","0.95%"
"09/12/2021","4,667.45","4,691.00","4,695.26","4,665.98","","-0.72%"
"08/12/2021","4,701.21","4,690.86","4,705.06","4,674.52","","0.31%"
"07/12/2021","4,686.75","4,631.97","4,694.04","4,631.97","","2.07%"
"06/12/2021","4,591.67","4,548.37","4,612.60","4,540.51","","1.17%"
"03/12/2021","4,538.43","4,589.49","4,608.03","4,495.12","","-0.84%"
"02/12/2021","4,577.10","4,504.73","4,595.46","4,504.73","","1.42%"
"01/12/2021","4,513.04","4,602.82","4,652.94","4,510.27","","-1.18%"
"30/11/2021","4,567.00","4,640.25","4,646.02","4,560.00","","-1.90%"
"29/11/2021","4,655.27","4,628.75","4,672.95","4,625.26","","1.32%"
"26/11/2021","4,594.62","4,664.63","4,664.63","4,585.43","","-2.27%"
"24/11/2021","4,701.46","4,675.78","4,702.87","4,659.89","","0.23%"
"23/11/2021","4,690.70","4,678.48","4,699.39","4,652.66","","0.17%"
"22/11/2021","4,682.95","4,712.00","4,743.83","4,682.17","","-0.32%"
"19/11/2021","4,697.96","4,708.44","4,717.75","4,694.22","","-0.18%"
"18/11/2021","4,706.64","4,700.72","4,708.75","4,672.78","","0.38%"
"17/11/2021","4,688.67","4,701.50","4,701.50","4,684.41","","-0.26%"
"16/11/2021","4,700.90","4,679.42","4,714.95","4,679.42","","0.39%"
"15/11/2021","4,682.81","4,689.30","4,697.42","4,672.86","","0.00%"
"12/11/2021","4,682.85","4,655.24","4,688.47","4,650.77","","0.72%"
"11/11/2021","4,649.27","4,659.39","4,664.55","4,648.31","","0.06%"
"10/11/2021","4,646.71","4,670.26","4,684.85","4,630.86","","-0.82%"
"09/11/2021","4,685.25","4,707.25","4,708.53","4,670.87","","-0.35%"
"08/11/2021","4,701.70","4,701.48","4,714.92","4,694.39","","0.09%"
"05/11/2021","4,697.53","4,699.26","4,718.50","4,681.32","","0.37%"
"04/11/2021","4,680.06","4,662.93","4,683.00","4,662.59","","0.42%"